Supplementary Data 1. Gene expression in each cluster within cells expressing CD8A,,,,,,
gene,p_val,avg_logFC,pct.1,pct.2,p_val_adj,cluster
FGFBP2,6.14680711951026e-128,0.401612803,0.936,0.763,1.03272506414892e-123,0
GNLY,2.44900605363469e-126,0.272596831,0.999,0.886,4.11457507071164e-122,0
GZMH,7.67593336527538e-105,0.301926579,0.982,0.859,1.28963356469992e-100,0
NKG7,3.72250668553955e-100,0.256949245,1,0.96,6.254183482375e-96,0
GZMB,5.45131551171931e-86,0.384153016,0.871,0.714,9.15875519123962e-82,0
PRSS23,1.32032551224589e-47,0.381975458,0.47,0.332,2.21827889312433e-43,0
ITGB1,1.4356940274848e-40,0.351075558,0.712,0.603,2.41210953557721e-36,0
PLEK,3.11670162870963e-27,0.25520841,0.674,0.6,5.23637040639504e-23,0
ZNF683,2.51043086735783e-24,0.398568539,0.288,0.195,4.2177749002479e-20,0
KLRC4,3.5087399388061e-20,0.297876979,0.394,0.323,5.89503397118812e-16,0
C1orf21,3.83388964469894e-20,0.273921318,0.36,0.271,6.44131799205869e-16,0
ACTB,0,1.164398004,1,0.992,0,1
ACTG1,9.45495090073282e-283,0.964260514,0.99,0.913,1.58852630083212e-278,1
PFN1,6.49559079234769e-260,0.753074979,0.997,0.983,1.09132420902233e-255,1
CFL1,4.28436110441968e-151,0.610091627,0.991,0.951,7.1981550915355e-147,1
CORO1A,4.59890684968864e-106,0.656064834,0.925,0.801,7.72662339816189e-102,1
HCST,6.12531206502661e-95,0.551275406,0.971,0.885,1.02911368004512e-90,1
LCP1,1.17340142983254e-76,0.623226525,0.847,0.695,1.97143174226165e-72,1
SH3BGRL3,3.232887309042e-74,0.394473473,0.999,0.981,5.43157396792147e-70,1
GZMA,1.14744774495672e-71,0.559279311,0.929,0.803,1.92782695630178e-67,1
S100A4,1.25802765177717e-71,0.44494424,0.996,0.965,2.11361225775082e-67,1
TPM4,9.7203076627223e-68,0.774112447,0.417,0.182,1.63310889041397e-63,1
CLIC1,1.59064091459762e-67,0.569088734,0.884,0.735,2.67243580061547e-63,1
CNN2,1.04998593034768e-66,0.611818768,0.704,0.498,1.76408136157714e-62,1
MYL12A,1.49072301581303e-59,0.492767602,0.945,0.873,2.50456373886747e-55,1
ARPC1B,8.87201327270036e-59,0.52450229,0.855,0.711,1.49058694994639e-54,1
IFITM1,6.30235715465155e-56,0.410652183,0.971,0.92,1.05885902555301e-51,1
MYL6,8.69896386454578e-56,0.433298893,0.95,0.88,1.46151291888234e-51,1
ARPC2,6.82971180127256e-55,0.472383368,0.926,0.833,1.1474598797318e-50,1
CTSW,1.87506305132839e-51,0.403099575,0.971,0.909,3.15029343253682e-47,1
CAP1,1.92872973686054e-45,0.547701943,0.695,0.527,3.24045883089939e-41,1
ARHGDIB,4.29042517648612e-45,0.388050194,0.953,0.89,7.20834333901432e-41,1
RAC2,3.94074209007179e-44,0.426354603,0.909,0.818,6.62084078552962e-40,1
ZYX,1.13176998217625e-43,0.594161233,0.59,0.408,1.90148674705432e-39,1
WDR1,3.20506128120609e-43,0.588950584,0.614,0.411,5.38482345855435e-39,1
IFITM2,4.06007028304156e-43,0.447931494,0.874,0.758,6.82132408253813e-39,1
GZMH1,9.99781634383699e-39,0.331581784,0.979,0.873,1.67973312392805e-34,1
CISD3,4.68638315959164e-38,0.571233793,0.394,0.213,7.87359234642992e-34,1
CALM1,7.83021818046943e-38,0.333002212,0.974,0.938,1.31555495650067e-33,1
CD3D,8.91932627821139e-38,0.395438506,0.911,0.83,1.4985360080023e-33,1
CALR,2.11199295668908e-37,0.531651013,0.794,0.678,3.54835936653333e-33,1
ACTR3,2.3984603839393e-34,0.530547807,0.62,0.459,4.02965329105641e-30,1
IL32,2.77628788144815e-32,0.287617568,0.984,0.965,4.66444126962103e-28,1
CAPZB,3.42546644986283e-29,0.404359955,0.773,0.638,5.75512618241454e-25,1
PPIB,6.27879869123596e-29,0.360159317,0.87,0.782,1.05490096811455e-24,1
COTL1,1.11879617313988e-26,0.393710102,0.471,0.321,1.87968945049231e-22,1
CD99,1.41763664205427e-26,0.29768559,0.945,0.873,2.38177132231539e-22,1
ITGB2,1.6493865166896e-26,0.356237549,0.901,0.822,2.7711342866902e-22,1
SPN,3.30328087547814e-26,0.469941445,0.559,0.393,5.54984219889082e-22,1
CCND3,4.02867091410925e-26,0.423859944,0.732,0.589,6.76857000279494e-22,1
TPM3,1.3421698643077e-25,0.309884714,0.88,0.81,2.25497958902337e-21,1
PPP1CA,7.34616032314799e-25,0.378590558,0.775,0.663,1.23422839589209e-20,1
CYBA,5.15581354017835e-23,0.270231391,0.971,0.928,8.66228232885365e-19,1
AGTRAP,7.49590208514434e-23,0.42491996,0.346,0.21,1.2593865093251e-18,1
S100A6,1.33734045087596e-22,0.290571518,0.954,0.915,2.2468656915167e-18,1
CD52,1.38195138923082e-22,0.263129944,0.963,0.919,2.32181652904669e-18,1
RHOA,3.20053851792227e-22,0.352050648,0.849,0.755,5.37722476396121e-18,1
EMP3,8.43157932276398e-22,0.343252756,0.87,0.776,1.41658964201758e-17,1
ARPC5,1.52432052910373e-20,0.417059213,0.602,0.463,2.56101092094717e-16,1
MYL12B,3.26182367054903e-20,0.346439426,0.809,0.712,5.48018994888942e-16,1
VASP,3.80699960042036e-20,0.418856495,0.361,0.231,6.39614002866624e-16,1
VIM,3.85379861091064e-20,0.293899911,0.842,0.756,6.47476704619096e-16,1
GSTP1,1.36657232671605e-19,0.329179106,0.765,0.642,2.29597816611564e-15,1
XBP1,3.70884031873406e-19,0.409596525,0.465,0.334,6.23122261950509e-15,1
ARPC4,3.50148511051266e-18,0.360141785,0.619,0.487,5.88284513417232e-14,1
PRELID1,4.7564483096505e-18,0.370945995,0.562,0.422,7.99130880504381e-14,1
ARPC3,5.53396335726898e-17,0.29172513,0.815,0.711,9.29761183654761e-13,1
SDF2L1,9.13591577919036e-17,0.37786978,0.337,0.215,1.53492521006177e-12,1
DOK2,1.64148303854457e-16,0.402781137,0.406,0.281,2.75785565305873e-12,1
CTSC,1.82169691191139e-16,0.374721653,0.638,0.507,3.06063298170232e-12,1
SPON2,2.30361203327909e-16,0.320216635,0.717,0.558,3.8702985771122e-12,1
CD53,3.38761959108425e-16,0.351746682,0.626,0.516,5.69153967498065e-12,1
ANXA2,9.9276287587926e-16,0.367585904,0.449,0.312,1.66794090776474e-11,1
APOBEC3G,1.63621334242332e-15,0.389373005,0.455,0.324,2.74900203660542e-11,1
GZMM,1.73427844192629e-15,0.26161461,0.864,0.773,2.91376121028036e-11,1
LGALS1,5.86035890853652e-15,0.47037492,0.635,0.518,9.8459890022322e-11,1
SIT1,6.55321123239713e-15,0.34347533,0.316,0.209,1.10100501915504e-10,1
PSME2,7.7053138551956e-15,0.321641635,0.639,0.514,1.29456978081141e-10,1
PDLIM2,1.7052033616741e-14,0.364890467,0.303,0.203,2.86491216794865e-10,1
FERMT3,3.06881363923385e-14,0.329102097,0.405,0.276,5.15591379527679e-10,1
CD63,6.76271969298574e-14,0.312221182,0.458,0.343,1.13620453561853e-09,1
PPP1R18,9.14458854411581e-14,0.32863929,0.571,0.44,1.5363823212969e-09,1
GNG2,2.19800918577311e-13,0.334961366,0.584,0.465,3.6928752330174e-09,1
ABI3,2.3345475273022e-13,0.33926131,0.393,0.262,3.92227330062042e-09,1
S100A11,2.58738201386481e-13,0.345304399,0.507,0.384,4.34706052149427e-09,1
PTGDR,3.10596704509437e-13,0.358896153,0.372,0.255,5.21833523246306e-09,1
ANXA6,4.24694173273199e-12,0.301357081,0.659,0.552,7.13528680516301e-08,1
TUBB,5.45986037702556e-12,0.3194513,0.497,0.391,9.17311141944064e-08,1
RNF167,5.63995834605372e-12,0.302573992,0.464,0.351,9.47569401720485e-08,1
PSMA7,1.22255490011152e-11,0.267844268,0.657,0.542,2.05401448767737e-07,1
LAT,5.06574285191843e-11,0.260695984,0.648,0.55,8.51095456550816e-07,1
DAD1,5.5118965349439e-11,0.262115075,0.484,0.388,9.26053736835924e-07,1
DBI,5.79761454393921e-11,0.281065517,0.59,0.469,9.74057219527227e-07,1
PDIA3,6.99253119784108e-11,0.274981425,0.713,0.616,1.17481516654928e-06,1
GLIPR2,9.57271997542549e-11,0.318366436,0.31,0.207,1.60831268307124e-06,1
DHRS7,1.28975686634273e-10,0.266452415,0.517,0.402,2.16692051114242e-06,1
RGS19,7.71632612317246e-10,0.290649929,0.353,0.259,1.2964199519542e-05,1
MATK,2.05682678523844e-09,0.251075554,0.52,0.42,3.4556746818791e-05,1
ATP5MF,2.2490580176245e-09,0.281824366,0.455,0.358,3.77864237541092e-05,1
BCAP31,2.61815441991152e-09,0.258333166,0.529,0.427,4.39876124089335e-05,1
NDUFB2,2.75418666123798e-09,0.251140875,0.639,0.535,4.62730900954592e-05,1
MYDGF,6.2010353173576e-09,0.251868879,0.33,0.262,0.000104184,1
CSK,1.42663365216823e-08,0.262582092,0.544,0.452,0.000239689,1
CX3CR1,2.4831232955993e-08,0.334557671,0.516,0.388,0.00041719,1
FAM49B,2.58089811289114e-08,0.282695743,0.434,0.334,0.000433617,1
IFITM3,3.04870408646746e-08,0.265041847,0.5,0.413,0.000512213,1
TEX264,3.34755615211499e-08,0.265071565,0.313,0.227,0.000562423,1
C17orf49,3.52942430660221e-08,0.255862962,0.354,0.269,0.000592979,1
PSMA6,5.1147735883346e-08,0.257040754,0.409,0.306,0.000859333,1
SASH3,7.03338520236955e-08,0.276784035,0.478,0.374,0.001181679,1
ACAA2,1.05537899140248e-07,0.274776562,0.273,0.189,0.001773142,1
ADGRG1,1.64948332857334e-07,0.264156614,0.645,0.518,0.002771297,1
PRDX1,1.67140225114033e-07,0.260116922,0.328,0.247,0.002808123,1
MYO1G,2.15370711100772e-06,0.250626373,0.525,0.45,0.036184433,1
CCL4,0,2.888118569,0.991,0.53,0,2
TNF,5.56302953541552e-286,2.111446543,0.704,0.219,9.34644592245162e-282,2
CCL4L2,3.71503936853525e-140,1.681901999,0.32,0.053,6.24163764307608e-136,2
FOS,1.18930252142769e-125,0.745818265,0.89,0.621,1.99814716625066e-121,2
IFNG,1.90745636009724e-106,1.312282656,0.496,0.17,3.20471743059938e-102,2
NR4A2,8.5094141566788e-106,1.087450357,0.613,0.267,1.4296666724636e-101,2
GADD45B,1.05975402907724e-64,0.89890622,0.637,0.414,1.78049274425267e-60,2
JUN,1.63788642276213e-52,0.476461001,0.839,0.653,2.75181297888266e-48,2
NFKBIA,1.64239309530285e-44,0.534261006,0.76,0.562,2.75938463941833e-40,2
ZFP36,2.52285229977167e-43,0.499877656,0.807,0.635,4.23864414884639e-39,2
JUNB,3.94014327523493e-43,0.3419403,0.898,0.744,6.61983471672221e-39,2
ZFP36L1,2.07395527932685e-35,0.648271339,0.63,0.456,3.48445226479704e-31,2
FOSB,5.60136518071185e-34,0.539273847,0.468,0.264,9.41085364011398e-30,2
IER2,7.46949822899888e-34,0.579879929,0.773,0.581,1.2549503974541e-29,2
JUND,5.55715062056457e-30,0.545880935,0.814,0.65,9.33656875761053e-26,2
TNFAIP3,3.38049709467923e-27,0.40310981,0.717,0.571,5.67957316877058e-23,2
TAGAP,2.58799123082881e-24,0.507879131,0.554,0.394,4.34808406691548e-20,2
BTG2,2.51705475349085e-23,0.459242369,0.489,0.307,4.22890369133999e-19,2
PPP1R15A,1.37582187026352e-22,0.403340601,0.658,0.498,2.31151832422974e-18,2
BRD2,1.93498003882005e-22,0.498052006,0.586,0.386,3.25095996322156e-18,2
FGFBP21,2.78369725301819e-21,0.311966357,0.938,0.782,4.67688975479587e-17,2
SRSF7,4.48691457081411e-21,0.429734304,0.738,0.583,7.53846517042478e-17,2
SERTAD1,8.08130153548876e-18,0.435894921,0.327,0.175,1.35773947097747e-13,2
SLC38A2,9.46307319680087e-17,0.393288245,0.349,0.204,1.58989092779451e-12,2
INTS6,9.73446643002802e-16,0.420279024,0.289,0.161,1.63548770490901e-11,2
GZMB1,3.93769875574588e-14,0.269056717,0.882,0.73,6.61572767952865e-10,2
AC020916.1,6.93882416897984e-14,0.369056461,0.301,0.175,1.1657918486303e-09,2
UBB,3.94685318280222e-13,0.310037359,0.856,0.754,6.631108032426e-09,2
SPON21,1.54701298067779e-11,0.335025467,0.732,0.556,2.59913650883676e-07,2
ZEB2,6.06528067730523e-11,0.274379357,0.679,0.515,1.01902780659405e-06,2
SRGN,2.30644881005388e-10,0.34022595,0.814,0.695,3.87506464577152e-06,2
ADGRG11,2.71723880606068e-09,0.271700076,0.684,0.513,4.56523291806254e-05,2
TUBA1B,1.30801093081282e-08,0.321373516,0.583,0.436,0.000219759,2
SMAD7,1.41371253561777e-08,0.267120341,0.286,0.182,0.000237518,2
DDX3X,1.75936909763852e-07,0.262529553,0.299,0.208,0.002955916,2
LITAF,3.27821547143323e-07,0.27823972,0.846,0.734,0.00550773,2
TBX21,9.61373595405454e-07,0.32281525,0.557,0.401,0.016152038,2
KLRB1,0,2.175722481,0.93,0.236,0,3
CD8B,1.65961506438593e-195,1.164046606,0.904,0.674,2.7883192696748e-191,3
KLRC2,6.6886856718433e-95,0.989546015,0.265,0.031,1.12376607972639e-90,3
FCGR3A,1.07490627819658e-88,1.095366122,0.703,0.346,1.80595003799807e-84,3
GNLY1,3.3457714705476e-80,0.586553843,0.998,0.904,5.62123064766702e-76,3
FGFBP22,1.66449857615824e-72,0.686281265,0.974,0.786,2.79652405780346e-68,3
NKG71,5.40740567196752e-60,0.444151341,1,0.966,9.08498226947263e-56,3
KLRF1,9.02952233371326e-48,0.786356529,0.285,0.09,1.51705004728717e-43,3
GZMB2,4.15269822932373e-47,0.638595713,0.926,0.732,6.9769482950868e-43,3
CES1,8.67617595204135e-47,0.81243123,0.349,0.126,1.45768432170247e-42,3
PRF1,1.06436452325212e-42,0.631306129,0.899,0.754,1.78823883551588e-38,3
SLC1A7,1.00809974865478e-41,0.796988541,0.286,0.091,1.69370838771489e-37,3
SPON22,1.56552103765823e-39,0.695815764,0.799,0.557,2.63023189536959e-35,3
CST7,8.59630262573803e-36,0.414388836,0.991,0.925,1.44426480415025e-31,3
GZMH2,1.26464329364977e-33,0.387424708,0.992,0.877,2.12472719766098e-29,3
CD247,6.75352826108693e-30,0.531413488,0.657,0.534,1.13466028314522e-25,3
HLA-C,9.23506731766888e-27,0.2505137,0.999,0.995,1.55158366004155e-22,3
EFHD2,1.67843991740695e-24,0.471388387,0.918,0.812,2.81994690523541e-20,3
TCF25,6.75241612260798e-22,0.536270513,0.722,0.561,1.13447343275937e-17,3
MXRA7,7.08740038763323e-22,0.566266065,0.34,0.177,1.19075413912626e-17,3
CD991,1.36309678518031e-17,0.326406936,0.947,0.876,2.29013890878143e-13,3
LTBP4,3.70998357362232e-17,0.509144034,0.276,0.147,6.23314340204287e-13,3
MT2A,4.39361313829975e-17,0.484930974,0.631,0.512,7.38170943365741e-13,3
TRG-AS1,4.67878079511151e-16,0.421365929,0.445,0.319,7.86081961386685e-12,3
ASCL2,1.48139194747509e-15,0.51921179,0.34,0.194,2.48888661095291e-11,3
GZMA1,2.05877965553558e-14,0.355691453,0.906,0.812,3.45895569926533e-10,3
SYNGR1,2.50274345408155e-14,0.510436205,0.322,0.184,4.20485927720242e-10,3
CD8A,1.9253262040156e-13,0.382358456,0.903,0.815,3.23474055536661e-09,3
PRSS231,2.15568378767296e-13,0.489702025,0.527,0.347,3.62176433166935e-09,3
S1PR5,4.420747784497e-13,0.381847397,0.444,0.328,7.4272983527334e-09,3
COX8A,4.79873403257939e-13,0.317275029,0.585,0.501,8.06235304813664e-09,3
CD3G,9.78234161778235e-13,0.331170265,0.858,0.768,1.64353121520361e-08,3
CHST12,3.49741060154098e-12,0.345476177,0.424,0.329,5.875999551649e-08,3
LITAF1,2.53013003589409e-11,0.338755099,0.827,0.741,4.25087147330567e-07,3
PLAC8,3.29553801376311e-11,0.387445006,0.349,0.258,5.53683341692339e-07,3
F2R,9.10930230256481e-11,0.355517936,0.303,0.213,1.53045387985391e-06,3
GNPTAB,2.64616581387678e-10,0.375832317,0.353,0.238,4.44582318389437e-06,3
CYBA1,3.8906537282919e-10,0.253144674,0.966,0.931,6.53668732890322e-06,3
UCP2,7.89793466519119e-10,0.323759779,0.602,0.526,1.32693200309877e-05,3
VAMP8,1.04676244715132e-09,0.272600696,0.482,0.407,1.75866558745893e-05,3
TFDP2,1.25286686213308e-09,0.305537108,0.291,0.213,2.10494161506978e-05,3
DBI1,2.41647221234492e-09,0.300002751,0.565,0.478,4.05991496396071e-05,3
KLRC41,3.28550781829853e-09,0.367969375,0.439,0.329,5.51998168552336e-05,3
DNAJB6,3.54740642085816e-09,0.267325296,0.336,0.278,5.95999752768379e-05,3
ANAPC11,4.20482131648304e-09,0.255583006,0.369,0.303,7.06452029382315e-05,3
CD320,7.06870939938408e-09,0.252854547,0.337,0.282,0.000118761,3
CEBPB,1.06664740853078e-08,0.272051421,0.272,0.207,0.000179207,3
RAP1B,1.53198146593073e-08,0.326221882,0.768,0.676,0.000257388,3
LINC01871,1.89182053300482e-08,0.251748875,0.27,0.201,0.000317845,3
OSTF1,2.42686239173223e-08,0.290935801,0.493,0.409,0.000407737,3
PTGDR1,3.29079180115152e-08,0.308863964,0.349,0.264,0.000552886,3
CTSW1,4.42108139792948e-08,0.250272459,0.959,0.913,0.000742786,3
LGALS11,8.1645414448746e-08,0.364892343,0.654,0.523,0.001371725,3
TBX211,3.11230356420115e-07,0.287402492,0.487,0.415,0.005228981,3
SELL,3.84448061572444e-07,0.273013179,0.401,0.323,0.006459112,3
ADRB2,6.26701870298426e-07,0.262987936,0.342,0.28,0.010529218,3
ABHD17A,7.2329998985505e-07,0.25303417,0.752,0.683,0.012152163,3
KLRD1,2.83497977640544e-06,0.28745267,0.718,0.638,0.047630495,3
IL7R,8.85466098401168e-212,1.651001979,0.883,0.354,1.4876715919238e-207,4
TXNIP,9.94563550433719e-34,0.451912089,0.956,0.862,1.67096622108369e-29,4
CMC1,4.02189783036721e-27,0.709234687,0.406,0.212,6.75719054479995e-23,4
ZFP36L2,2.43432734245444e-22,0.350404985,0.885,0.75,4.0899133680577e-18,4
AUTS2,5.0977742273769e-22,0.417223705,0.257,0.12,8.56477047941594e-18,4
PBXIP1,6.68311643823419e-20,0.461230525,0.423,0.256,1.12283039278773e-15,4
ITGA4,1.26773514293518e-19,0.3940247,0.648,0.486,2.1299218136454e-15,4
PIK3R1,3.32010462089032e-19,0.463753404,0.512,0.339,5.57810777355783e-15,4
CLDND1,1.20401913558224e-18,0.397259694,0.345,0.2,2.02287254969172e-14,4
CD7,7.92324018088597e-18,0.394405648,0.594,0.409,1.33118358279065e-13,4
MYBL1,1.05737124110544e-15,0.369742551,0.591,0.443,1.77648942218125e-11,4
MT-ND2,1.1714043710123e-15,0.341089013,0.943,0.859,1.96807648373777e-11,4
N4BP2L2,2.28780969516349e-14,0.278397984,0.551,0.416,3.84374906884418e-10,4
P2RY8,2.03879043642957e-13,0.258961866,0.459,0.339,3.42537181224532e-09,4
LYAR,1.33103974803411e-12,0.314784266,0.49,0.357,2.23627988067211e-08,4
GPR65,3.07245731646583e-12,0.294533411,0.322,0.211,5.16203553739424e-08,4
DUSP2,1.59634572527663e-11,0.278242642,0.595,0.453,2.68202045303727e-07,4
ISG20,3.99855554442574e-11,0.269921373,0.446,0.325,6.71797317018969e-07,4
SELL1,2.58272302370815e-09,0.281943707,0.431,0.322,4.33923295213207e-05,4
TAGLN2,4.70724498513152e-09,0.253055725,0.845,0.755,7.90864229951947e-05,4
CAMK4,1.86572166150819e-08,0.282286157,0.265,0.167,0.00031346,4
AHNAK,2.58292300620635e-75,1.037057885,0.867,0.774,4.33956894272728e-71,5
RPL13A,6.00722896562786e-73,0.868443855,0.943,0.896,1.00927453851514e-68,5
MALAT1,2.08797376944278e-61,0.782110314,1,0.999,3.50800473004081e-57,5
FLNA,3.79295660486865e-57,0.90267089,0.877,0.763,6.37254639183982e-53,5
RNF213,1.1252025232806e-52,0.974961143,0.782,0.639,1.89045275936373e-48,5
ITGAL,7.74878826676326e-48,0.937958658,0.587,0.431,1.3018739166989e-43,5
MYH9,1.37368119091193e-45,0.770453061,0.712,0.652,2.30792176885113e-41,5
SYNE1,5.4822696416042e-43,0.904456949,0.628,0.504,9.21076122485921e-39,5
MACF1,1.05664681303563e-41,0.965264383,0.558,0.414,1.77527231058117e-37,5
SRRM2,5.5659420946582e-37,0.697074027,0.677,0.62,9.35133931323524e-33,5
MYO1F,2.2543317502162e-34,0.768836277,0.46,0.372,3.78750277353823e-30,5
RPS17,1.07954554399701e-32,0.471167915,0.532,0.546,1.81374446846938e-28,5
SYNE2,2.55962363523498e-32,0.799041324,0.687,0.583,4.30042366955829e-28,5
IKZF3,1.55298153341897e-29,0.684118178,0.42,0.345,2.60916427429722e-25,5
MTRNR2L12,2.30603166034863e-29,0.903276836,0.968,0.962,3.87436379255173e-25,5
STK10,7.07824203719962e-29,0.663886919,0.458,0.388,1.18921544466991e-24,5
RUNX3,1.66707943609775e-27,0.750917592,0.43,0.312,2.80086016058784e-23,5
PRPF4B,4.08986908257933e-27,0.501976438,0.403,0.382,6.87138904564153e-23,5
PRRC2C,9.51158054211383e-27,0.504019061,0.488,0.492,1.59804064688054e-22,5
AKNA,1.14688908840867e-26,0.731118277,0.518,0.39,1.9268883574354e-22,5
TGFBR3,1.42343099571136e-26,0.629312494,0.497,0.426,2.39150641589465e-22,5
CHD3,1.73570761309162e-26,0.753543298,0.355,0.241,2.91616236075523e-22,5
RPS11,6.01564335439486e-26,0.369867733,0.822,0.849,1.01068823997188e-21,5
NEAT1,6.51170773109376e-26,0.88436512,0.452,0.367,1.09403201590106e-21,5
GLG1,5.83911394445128e-25,0.628801917,0.365,0.309,9.8102953380726e-21,5
NBEAL2,1.75187328627182e-24,0.701821695,0.258,0.156,2.94332230826528e-20,5
WNK1,3.96925673505921e-24,0.646944995,0.31,0.244,6.66874824057298e-20,5
TGOLN2,5.33681099023188e-22,0.507247574,0.358,0.343,8.96637614468859e-18,5
DDX17,5.34619143042856e-22,0.598796024,0.475,0.434,8.98213622226302e-18,5
NLRC5,5.54952787067126e-22,0.718473654,0.312,0.212,9.32376177551479e-18,5
TLN1,7.11311090386318e-22,0.503741882,0.545,0.543,1.19507376295805e-17,5
DYNC1H1,7.75134136749986e-22,0.603691413,0.39,0.309,1.30230286315365e-17,5
SMG1,1.43167208187903e-20,0.594662032,0.31,0.235,2.40535226476495e-16,5
N4BP2L21,2.16091694406505e-19,0.352231614,0.4,0.427,3.63055655772369e-15,5
CDV3,5.4174818017066e-19,0.402784151,0.322,0.33,9.10191117504725e-15,5
NFATC2,5.80050326855247e-19,0.529867812,0.363,0.311,9.74542554149501e-15,5
DIP2A,6.67092599895879e-19,0.625374044,0.422,0.348,1.12078227708507e-14,5
AAK1,7.25755731449123e-19,0.451601073,0.38,0.344,1.21934220440767e-14,5
ZBTB7A,1.13748588364651e-18,0.446857589,0.338,0.333,1.9110900331145e-14,5
RPS20,1.16687532312345e-18,0.424452054,0.472,0.458,1.96046723037971e-14,5
ARHGAP4,1.35225663071448e-18,0.422664938,0.312,0.318,2.27192636526339e-14,5
LENG8,1.68034711074301e-18,0.629616844,0.297,0.22,2.82315118075934e-14,5
AKAP13,1.94569840399481e-18,0.540630609,0.428,0.395,3.26896788855169e-14,5
CELF2,2.07148207121708e-18,0.451665547,0.373,0.37,3.48029702785182e-14,5
IKZF1,2.34635555975993e-18,0.475172719,0.498,0.47,3.94211197595265e-14,5
MYO9B,2.54539644160039e-18,0.601614467,0.262,0.191,4.27652056153281e-14,5
SNRNP200,4.59713105264412e-18,0.552126216,0.293,0.218,7.72363988154739e-14,5
ROCK1,5.55823368451299e-18,0.475856864,0.295,0.265,9.33838841335027e-14,5
BCL9L,1.00241554566998e-17,0.741347276,0.272,0.171,1.68415835828014e-13,5
INPP5D,1.04198543610334e-17,0.483913195,0.255,0.215,1.75063973119722e-13,5
ATRX,1.54274338625156e-17,0.448822417,0.38,0.372,2.59196316324125e-13,5
PREX1,1.74180321497651e-17,0.454538844,0.357,0.319,2.92640358148204e-13,5
ARHGAP45,1.74496958372711e-17,0.433302013,0.4,0.378,2.93172339761992e-13,5
SON,2.59179782011589e-17,0.469044654,0.683,0.685,4.3544795175767e-13,5
FMNL1,2.80023227691746e-17,0.401498226,0.433,0.439,4.70467024844903e-13,5
SLFN5,3.61587988858641e-17,0.389138863,0.33,0.311,6.07503980081402e-13,5
BRD4,4.37704571882412e-17,0.352290788,0.27,0.274,7.3538745121964e-13,5
KMT2C,6.78787969050798e-17,0.665442428,0.267,0.192,1.14043166680225e-12,5
UTRN,7.99182515168744e-17,0.516308756,0.395,0.338,1.34270654373501e-12,5
RPL23,9.75305931994531e-17,0.291822129,0.61,0.659,1.63861149634401e-12,5
OGA,1.03971183054364e-16,0.4965942,0.315,0.282,1.74681984649636e-12,5
NOP53,1.07475904748181e-16,0.295045095,0.643,0.68,1.80570267567419e-12,5
HP1BP3,1.11132660555199e-16,0.345749271,0.437,0.462,1.86713982998789e-12,5
SORL1,2.91232776273147e-16,0.529277401,0.325,0.241,4.89300187416515e-12,5
RAPGEF1,4.61999199913869e-16,0.508588352,0.263,0.202,7.76204855775292e-12,5
SPOCK2,5.69858273653393e-16,0.379436784,0.488,0.511,9.57418885565066e-12,5
NIPBL,6.53443216588634e-16,0.433614402,0.308,0.271,1.09784994819056e-11,5
ANKRD11,7.0884810209995e-16,0.508954846,0.372,0.34,1.19093569633813e-11,5
SMARCA2,7.65736251439601e-16,0.439298206,0.285,0.255,1.28651347604367e-11,5
ATP2A3,7.74005300580358e-16,0.419438714,0.27,0.27,1.30040630550506e-11,5
RIPOR2,1.01295441944058e-15,0.389247557,0.487,0.474,1.70186472010212e-11,5
ZEB22,1.18090897637161e-15,0.582765157,0.607,0.532,1.98404517120194e-11,5
DIAPH1,1.42910240729945e-15,0.441325849,0.407,0.37,2.40103495450381e-11,5
MLLT6,1.66816350726157e-15,0.564130562,0.312,0.235,2.80268150855016e-11,5
REST,1.72974005089835e-15,0.305656399,0.277,0.287,2.90613625951431e-11,5
TMC8,2.07032367766811e-15,0.324638597,0.267,0.29,3.47835081085019e-11,5
ACTN4,2.28486847226509e-15,0.41665682,0.383,0.375,3.83880752025258e-11,5
CYTH1,2.41136218413396e-15,0.451490285,0.483,0.464,4.05132960556346e-11,5
FUS,2.49013884761541e-15,0.413950188,0.543,0.552,4.18368227787866e-11,5
TNRC6B,2.59119036158318e-15,0.468996052,0.282,0.239,4.3534589264959e-11,5
ARHGAP30,2.82811928352946e-15,0.410069769,0.46,0.455,4.75152320825785e-11,5
ZAP70,2.87576875813987e-15,0.478633977,0.572,0.541,4.8315790905508e-11,5
CCDC88C,3.51786595752487e-15,0.450197916,0.437,0.403,5.91036659523754e-11,5
ATM,3.89359405517545e-15,0.403082166,0.31,0.281,6.54162737210027e-11,5
ATP2B4,4.87377932494428e-15,0.564087878,0.392,0.312,8.18843664383888e-11,5
ARGLU1,5.00030791366969e-15,0.339633185,0.497,0.526,8.40101732575644e-11,5
GOLGA4,5.58354279725943e-15,0.555945838,0.345,0.285,9.38091025367556e-11,5
TNFRSF1B,5.61394589984747e-15,0.300128938,0.36,0.391,9.43199050633373e-11,5
CYFIP2,5.87008805811494e-15,0.375833815,0.442,0.46,9.86233494643891e-11,5
KANSL1,7.91755221116033e-15,0.552843101,0.268,0.214,1.33022794699705e-10,5
KMT2A,8.52601178836092e-15,0.473384775,0.385,0.363,1.43245524056252e-10,5
EHD1,8.56612937159507e-15,0.394624759,0.263,0.243,1.43919539572169e-10,5
MBP,9.32246709698341e-15,0.399021681,0.523,0.508,1.56626769696418e-10,5
HNRNPH1,1.01119897525847e-14,0.396894687,0.258,0.243,1.69891539833176e-10,5
BDP1,1.0510909129863e-14,0.456573934,0.267,0.242,1.76593784290828e-10,5
MAPK1,1.35506832085803e-14,0.315102667,0.255,0.266,2.27665028587358e-10,5
NKTR,1.75616882786019e-14,0.547857905,0.333,0.276,2.9505392476879e-10,5
SPSB3,1.85028474659983e-14,0.277240516,0.395,0.428,3.10866340276238e-10,5
TCF251,2.10938121611685e-14,0.434434257,0.583,0.575,3.54397138119791e-10,5
RBM25,2.14810320341562e-14,0.31356208,0.368,0.389,3.60902819205859e-10,5
PPP2R5C,2.15404650433649e-14,0.280791561,0.54,0.592,3.61901353193574e-10,5
ITGB11,3.01444444852847e-14,0.379424732,0.642,0.627,5.06456811797268e-10,5
KLF3,3.04389007034793e-14,0.255409089,0.412,0.458,5.11403970719156e-10,5
BCLAF1,3.21154615040706e-14,0.259951947,0.328,0.354,5.3957186872989e-10,5
ZNF292,4.27746075049503e-14,0.438693176,0.273,0.232,7.18656180690669e-10,5
SMCHD1,4.4380907744619e-14,0.418238707,0.442,0.426,7.45643631017344e-10,5
TAOK3,4.76579323966879e-14,0.420181727,0.308,0.281,8.00700922196754e-10,5
CLEC2D,4.94007743977917e-14,0.283321461,0.368,0.406,8.29982410657298e-10,5
OGT,5.16994735689027e-14,0.505510987,0.263,0.213,8.68602855431135e-10,5
CASP8,5.44402466943669e-14,0.374230475,0.34,0.337,9.14650584712058e-10,5
SIPA1,7.2230354212142e-14,0.357920784,0.257,0.256,1.2135421811182e-09,5
GNPTAB1,8.21844618324914e-14,0.45114562,0.26,0.247,1.38078114324769e-09,5
TRABD,1.09815334825677e-13,0.301868435,0.295,0.311,1.8450074404062e-09,5
IGF2R,1.27117885799704e-13,0.417690706,0.32,0.289,2.13570759932083e-09,5
BOD1L1,1.41082902608806e-13,0.368002164,0.273,0.272,2.37033384673055e-09,5
FNBP4,1.63955192751638e-13,0.265492137,0.303,0.324,2.75461119342027e-09,5
KTN1,1.76114780543974e-13,0.352954922,0.342,0.34,2.95890442791931e-09,5
GRK2,2.01345839433288e-13,0.413438859,0.345,0.342,3.38281144831868e-09,5
RASGRP2,2.81728961772146e-13,0.260445486,0.285,0.324,4.73332828673382e-09,5
STAT3,3.76460208996743e-13,0.314044985,0.333,0.333,6.32490797135428e-09,5
RPL37A,5.52180279662033e-13,0.292127367,0.938,0.948,9.27718087860181e-09,5
ITSN2,5.57604798817633e-13,0.331977545,0.24,0.252,9.36831822493505e-09,5
ADAR,5.83818184287719e-13,0.318578173,0.302,0.313,9.80872931421797e-09,5
ANKRD44,6.18682123765802e-13,0.336153041,0.325,0.328,1.03944783613892e-08,5
ETS1,6.71958251426686e-13,0.324432838,0.605,0.618,1.12895705822198e-08,5
YY1,9.68558223830596e-13,0.32973383,0.265,0.271,1.62727467185779e-08,5
DGKZ,9.84545959414908e-13,0.256373795,0.37,0.402,1.65413566641299e-08,5
RBL2,2.0450759871723e-12,0.307262385,0.438,0.448,3.43593216604819e-08,5
MPHOSPH8,2.10564643243456e-12,0.384157755,0.417,0.4,3.53769657113331e-08,5
EIF3A,2.11159976480191e-12,0.29343402,0.305,0.329,3.54769876484368e-08,5
DDX24,2.16178965298175e-12,0.319001926,0.477,0.505,3.63202279597463e-08,5
MTDH,2.2650673776611e-12,0.311022938,0.35,0.366,3.80553970120841e-08,5
TAPBP,2.37814318713993e-12,0.30684961,0.503,0.534,3.9955183687138e-08,5
DDX21,2.38247519845734e-12,0.37024607,0.263,0.265,4.00279658092817e-08,5
ARAP2,2.42673285432343e-12,0.422316124,0.29,0.259,4.0771538685488e-08,5
MYBL11,2.6122231510956e-12,0.345221945,0.445,0.454,4.38879611615571e-08,5
AKAP9,2.90530203895401e-12,0.475012498,0.333,0.304,4.88119795564663e-08,5
SIGIRR,2.99087104994716e-12,0.268008315,0.398,0.442,5.02496245101622e-08,5
ANKHD1,3.01585586027152e-12,0.426883982,0.25,0.216,5.06693943084218e-08,5
MBNL1,3.76328340791748e-12,0.349885201,0.615,0.613,6.32269245364217e-08,5
ANKRD12,6.62609509211164e-12,0.397605388,0.442,0.439,1.11325023642568e-07,5
NUP210,8.38467777866175e-12,0.442013191,0.258,0.199,1.40870971359296e-07,5
USP34,8.46960515651708e-12,0.372505986,0.31,0.309,1.42297836234643e-07,5
DDX46,8.7128925303995e-12,0.281607125,0.323,0.346,1.46385307403242e-07,5
MYO1G1,1.00550259138898e-11,0.396262399,0.472,0.459,1.68934490379262e-07,5
ACAP1,1.06017718708625e-11,0.311725585,0.373,0.394,1.78120369202362e-07,5
LUC7L3,1.1969686439482e-11,0.411133584,0.302,0.294,2.01102701869737e-07,5
FBXW5,1.41503743826411e-11,0.2906302,0.36,0.377,2.37740440002753e-07,5
KCNAB2,2.14263995874301e-11,0.369832617,0.277,0.269,3.59984939468414e-07,5
PNN,4.18596878546556e-11,0.365242806,0.293,0.283,7.03284615646069e-07,5
PKN1,4.56175323999414e-11,0.278881575,0.325,0.345,7.66420161851415e-07,5
DDX6,5.3116431974199e-11,0.253097212,0.377,0.405,8.92409173598517e-07,5
WASF2,5.61245940565985e-11,0.323990907,0.38,0.37,9.42949304744912e-07,5
RSBN1L,5.91433798365031e-11,0.373511138,0.253,0.251,9.93667924633089e-07,5
BPTF,6.10912706599597e-11,0.413961861,0.383,0.366,1.02639443835798e-06,5
CFLAR,6.4429303010498e-11,0.348275324,0.352,0.351,1.08247671987938e-06,5
TMEM259,8.18232435514704e-11,0.315343318,0.262,0.268,1.37471231490825e-06,5
PTPRA,8.2402260652656e-11,0.282530498,0.275,0.272,1.38444038122527e-06,5
RESF1,1.08700712478977e-10,0.35720948,0.52,0.514,1.82628067035929e-06,5
SCAF11,1.39859411152302e-10,0.321868431,0.337,0.33,2.34977796676982e-06,5
VPS13C,1.40593320644344e-10,0.371358038,0.303,0.282,2.36210838014562e-06,5
KPNB1,1.41020422352713e-10,0.264108295,0.292,0.317,2.36928411594793e-06,5
PHF3,1.51451295209416e-10,0.301389528,0.31,0.313,2.5445332108134e-06,5
ITK,1.58064429673206e-10,0.278121878,0.302,0.31,2.65564048293953e-06,5
EPB41,1.72657115240194e-10,0.340441334,0.392,0.366,2.9008121931505e-06,5
MED15,2.07255905922796e-10,0.348065653,0.3,0.295,3.4821064754089e-06,5
ERAP2,2.39922648456147e-10,0.278522721,0.252,0.266,4.03094041671172e-06,5
NSD3,2.55513337283828e-10,0.272348348,0.332,0.337,4.2928795797056e-06,5
SYNRG,2.70074738644353e-10,0.290468152,0.257,0.256,4.53752568396378e-06,5
SPTAN1,2.82394791036574e-10,0.402579024,0.308,0.276,4.74451488420548e-06,5
STK38,3.06080314493913e-10,0.299755795,0.335,0.339,5.14245536381223e-06,5
BCL11B,3.7717973405873e-10,0.420515954,0.323,0.29,6.33699671192072e-06,5
PNISR,4.58888125301629e-10,0.327571252,0.448,0.456,7.70977939319267e-06,5
CEP350,4.64369443411641e-10,0.448447515,0.263,0.212,7.80187101875897e-06,5
TPR,4.6937983176179e-10,0.254845782,0.295,0.323,7.88605055342983e-06,5
ARHGEF1,5.29701712396982e-10,0.338113285,0.49,0.499,8.89951846998169e-06,5
RALBP1,6.37769543292516e-10,0.258806476,0.25,0.252,1.07151660968576e-05,5
ILF3,8.87397410845229e-10,0.295901055,0.287,0.282,1.49091638996107e-05,5
NCOR1,1.32515748630252e-09,0.264378153,0.323,0.333,2.22639709273687e-05,5
DNM2,2.13258647119658e-09,0.365715957,0.257,0.239,3.58295853025738e-05,5
PPP1R12A,2.64940285764642e-09,0.257370978,0.33,0.338,4.45126174113174e-05,5
U2SURP,2.79352790653423e-09,0.257069207,0.27,0.293,4.69340623576816e-05,5
ADGRE5,4.05369952134247e-09,0.261455819,0.38,0.406,6.81062056580748e-05,5
LRRFIP1,5.74826855770418e-09,0.304542607,0.498,0.526,9.65766600379879e-05,5
PRKCH,7.00439079394488e-09,0.258554422,0.4,0.419,0.000117681,5
DDX18,7.31301474624041e-09,0.25978961,0.263,0.28,0.000122866,5
RSF1,9.55468606233259e-09,0.278406579,0.258,0.273,0.000160528,5
CD46,1.34612732502926e-08,0.256272661,0.265,0.273,0.000226163,5
IQGAP1,1.79850840265599e-08,0.269542912,0.435,0.459,0.000302167,5
RABGAP1L,2.71321398614132e-08,0.251519069,0.253,0.258,0.000455847,5
GCC2,5.72955044736291e-08,0.296535133,0.28,0.282,0.000962622,5
PCM1,5.74444998525053e-08,0.354229437,0.3,0.284,0.000965125,5
ADGRG13,9.50884500723587e-08,0.377337694,0.585,0.532,0.001597581,5
CYTOR,3.10287721733128e-07,0.280352874,0.287,0.287,0.005213144,5
RASA3,4.47165569040895e-07,0.312794148,0.317,0.281,0.007512829,5
SSBP3,6.56020455327645e-07,0.255852252,0.28,0.272,0.0110218,5
SH3KBP1,1.19608385804837e-06,0.288499933,0.395,0.388,0.020095405,5
PYHIN1,1.53296668352366e-06,0.264739399,0.37,0.376,0.025755373,5
GZMK,0,2.919066879,0.874,0.107,0,6
LTB,1.20135528373397e-143,1.566803201,0.647,0.135,2.01839701220145e-139,6
CD27,1.25385467731775e-138,1.34558859,0.452,0.053,2.10660124336155e-134,6
DUSP21,2.42836190516544e-137,1.553304388,0.831,0.439,4.07989083686846e-133,6
TCF7,1.06819682454512e-132,1.39632767,0.551,0.101,1.79467748491825e-128,6
IL7R1,2.66693865654466e-103,1.291790691,0.829,0.363,4.48072363686069e-99,6
CD74,6.13955250773463e-95,1.203510501,0.915,0.756,1.0315062168245e-90,6
ZFP36L21,8.29810996708763e-93,0.900604145,0.923,0.749,1.39416545557039e-88,6
FOS1,4.7891787819257e-85,1.254373248,0.899,0.641,8.04629927151336e-81,6
JUNB1,1.11755471023046e-78,1.109357295,0.918,0.754,1.8776036686582e-74,6
COTL11,1.44939433528019e-74,0.994991148,0.678,0.319,2.43512742270425e-70,6
CD69,7.1343331142311e-69,1.020928057,0.737,0.417,1.19863930652197e-64,6
CXCR4,6.75230769123513e-59,0.863474256,0.822,0.525,1.13445521520441e-54,6
ZFP361,7.91022431488791e-58,0.864274922,0.869,0.644,1.32899678714432e-53,6
DUSP1,1.68909360746051e-55,0.811022176,0.926,0.743,2.8378461698944e-51,6
BTG21,2.84010227710117e-55,0.881598485,0.6,0.313,4.77165583575767e-51,6
BTG1,3.82638335536461e-55,0.605954806,0.963,0.863,6.42870667534809e-51,6
JUN1,1.5486927141463e-54,1.033461935,0.856,0.666,2.6019586290372e-50,6
JUND1,7.71484457238539e-52,0.72384162,0.801,0.663,1.29617103660647e-47,6
CAMK41,5.94296970196361e-50,0.660531995,0.436,0.156,9.98478339626906e-46,6
SARAF,2.57428510943562e-47,0.590372896,0.891,0.694,4.32505641236278e-43,6
MCUB,3.49154587223112e-46,0.662141659,0.464,0.188,5.86614621993551e-42,6
CD71,5.80552279453773e-44,0.841173075,0.702,0.404,9.75385884710284e-40,6
MT-ND21,1.57633904713866e-43,0.581542578,0.963,0.859,2.64840723309766e-39,6
INPP4B,1.19402177133923e-42,0.625873179,0.253,0.058,2.00607597802704e-38,6
LEPROTL1,1.33832940426975e-41,0.615162923,0.516,0.246,2.24852723211361e-37,6
TENT5C,4.64988941518487e-41,0.640847956,0.399,0.158,7.8122792064521e-37,6
DNAJB1,5.03252563285102e-40,0.687504326,0.734,0.492,8.45514631575299e-36,6
HINT1,9.44632354980516e-40,0.586048873,0.896,0.699,1.58707681960276e-35,6
EEF1A1,4.44213748298044e-39,0.322287657,1,0.999,7.46323518515543e-35,6
CLDND11,8.48886008939537e-38,0.749925159,0.422,0.197,1.42621338361932e-33,6
PABPC1,1.55603240383876e-35,0.519535589,0.908,0.769,2.6142900416895e-31,6
PBXIP11,5.59499325561879e-35,0.563138297,0.497,0.253,9.40014816876513e-31,6
CNN21,9.65390923891331e-35,0.536067181,0.754,0.511,1.62195329122983e-30,6
PLP2,4.31760639263818e-34,0.656757479,0.369,0.143,7.25401050027141e-30,6
CSRNP1,2.7045324221158e-32,0.536006739,0.286,0.105,4.54388492239675e-28,6
ARHGAP15,6.79389111112312e-32,0.593676337,0.481,0.247,1.1414416455798e-27,6
NR4A21,1.16376327166602e-31,0.544641667,0.504,0.3,1.95523867272608e-27,6
PIK3R11,3.49189563990271e-31,0.556630648,0.578,0.336,5.86673386460055e-27,6
OCIAD2,4.60828427129083e-30,0.321614155,0.372,0.198,7.74237840419573e-26,6
LDLRAP1,4.6312899474452e-30,0.452402058,0.261,0.096,7.78103024070267e-26,6
EML4,8.39916355622589e-30,0.510047044,0.583,0.352,1.41114346908151e-25,6
NCK2,1.07967939689311e-29,0.53949332,0.33,0.141,1.81396935472012e-25,6
NFKBIZ,1.37058328918744e-29,0.585412778,0.29,0.103,2.30271698416382e-25,6
YBX3,5.72257214695452e-28,0.565636759,0.271,0.094,9.61449346409829e-24,6
LDHB,6.44767741008624e-28,0.509771482,0.734,0.514,1.08327428166859e-23,6
FCMR,7.87259590077755e-28,0.467471669,0.487,0.278,1.32267483728964e-23,6
PDCD4,8.3752753802771e-28,0.525790353,0.432,0.227,1.40713001664036e-23,6
TSPYL2,1.55415913374347e-27,0.532371848,0.343,0.164,2.6111427606024e-23,6
ISG201,2.93928114223558e-27,0.409044653,0.533,0.32,4.93828624707e-23,6
FOSB1,3.21471596404567e-27,0.6458096,0.472,0.279,5.40104429119314e-23,6
GRAMD1A,1.1513328257209e-26,0.468981876,0.281,0.108,1.93435428049369e-22,6
ITGB2-AS1,2.12682627791598e-26,0.25612566,0.357,0.203,3.57328082952664e-22,6
TMEM238,4.09971175414221e-26,0.426651557,0.312,0.135,6.88792571813433e-22,6
TMEM123,3.01286919716301e-25,0.463789368,0.422,0.222,5.06192153815357e-21,6
PPP1R2,5.75410792775666e-24,0.382969915,0.476,0.291,9.66747672942396e-20,6
RCSD1,6.29629107949564e-24,0.251975525,0.479,0.317,1.05783986426606e-19,6
TC2N,2.93136812143122e-23,0.412416348,0.412,0.223,4.92499158081659e-19,6
PIK3IP1,8.49657364619625e-23,0.365134152,0.382,0.21,1.42750933829743e-18,6
RPS12,1.3640461953424e-22,0.299985602,0.998,0.999,2.29173401279476e-18,6
VIM1,1.84593018461404e-22,0.480586807,0.891,0.76,3.10134730317005e-18,6
CMC11,2.36121143942024e-22,0.755321716,0.409,0.214,3.96707133936995e-18,6
LYAR1,2.86276675134667e-22,0.525733676,0.549,0.354,4.80973441893755e-18,6
PHF1,3.03486557992878e-21,0.314781959,0.338,0.193,5.09887766083834e-17,6
ABLIM1,6.16767105227073e-21,0.43984154,0.278,0.119,1.03623041349201e-16,6
R3HDM4,7.93352197690633e-21,0.320432467,0.37,0.218,1.33291102734003e-16,6
ACAP11,9.71624567777389e-21,0.267449008,0.553,0.382,1.63242643632279e-16,6
TNFAIP31,1.29221475371021e-20,0.459892373,0.754,0.579,2.17105000770852e-16,6
CKLF,2.259231382554e-20,0.39603536,0.452,0.274,3.79573464582898e-16,6
CD55,3.18742960748007e-20,0.431814337,0.273,0.122,5.35520048352726e-16,6
SLC2A31,4.25676606247843e-20,0.459850455,0.4,0.24,7.15179266157e-16,6
SMDT1,6.69104065459915e-20,0.30505976,0.521,0.342,1.1241617403792e-15,6
RPL8,6.82319439524555e-20,0.336574554,0.992,0.985,1.1463648903452e-15,6
NIN,7.06418050858367e-20,0.419916068,0.283,0.135,1.18685296724714e-15,6
CYLD,1.137976276016e-19,0.271217702,0.328,0.192,1.91191394133449e-15,6
SF1,1.32077972614957e-19,0.290258862,0.745,0.573,2.21904201790389e-15,6
TAGAP1,1.71924217008037e-19,0.251537089,0.559,0.405,2.88849876995204e-15,6
CD44,2.28548633822965e-19,0.346115567,0.642,0.461,3.83984559685963e-15,6
TUBA4A,2.87798051009827e-19,0.287590603,0.395,0.254,4.8352950550161e-15,6
SMAP2,4.73585639873004e-19,0.350432814,0.447,0.286,7.95671233550634e-15,6
SBDS,5.37444533800403e-19,0.357388046,0.472,0.311,9.02960561238057e-15,6
KCNA3,6.87089669950854e-19,0.364639636,0.31,0.168,1.15437935448443e-14,6
LINC01578,9.06216708858664e-19,0.307300855,0.737,0.575,1.52253469255344e-14,6
GAS5,3.4576097466594e-18,0.402029752,0.63,0.427,5.80913013536245e-14,6
GRK6,3.89576631462527e-18,0.279049948,0.405,0.259,6.54527698520191e-14,6
FAM107B,5.74007557972812e-18,0.288761489,0.593,0.431,9.64390098150122e-14,6
FLT3LG,6.91392107166923e-18,0.428644941,0.43,0.248,1.16160787925115e-13,6
NAP1L4,8.32534043338566e-18,0.262781465,0.432,0.289,1.39874044621313e-13,6
PEBP1,1.02189787503084e-17,0.265382479,0.551,0.394,1.71689061983932e-13,6
NUCB2,1.42626248548762e-17,0.327301273,0.395,0.244,2.39626360186775e-13,6
NSMCE3,2.54789620355704e-17,0.275378406,0.335,0.206,4.28072041159618e-13,6
PCGF5,3.37625122550268e-17,0.259824521,0.273,0.159,5.67243968396706e-13,6
FTH1,4.57101474094228e-17,0.326826955,0.982,0.951,7.67976186625713e-13,6
SNHG8,4.85899636446977e-17,0.441533011,0.489,0.306,8.16359979194566e-13,6
RPS6KA3,5.18177880754433e-17,0.26558958,0.251,0.138,8.70590657455523e-13,6
RHOH,6.49021077735847e-17,0.259595076,0.358,0.232,1.090420312704e-12,6
EMB,1.06592021413111e-16,0.26485266,0.451,0.309,1.79085255176168e-12,6
NPDC1,1.14460977496795e-16,0.347095966,0.256,0.127,1.92305888292366e-12,6
GIMAP5,2.69336977849385e-16,0.292121963,0.362,0.231,4.52513056484752e-12,6
LIMD2,2.79956128187257e-16,0.307391841,0.809,0.671,4.70354290967411e-12,6
TRADD,3.20339500218482e-16,0.345379665,0.296,0.163,5.38202394317071e-12,6
GATA3,3.8404772797271e-16,0.333851567,0.315,0.177,6.4523858776695e-12,6
NOSIP,4.06107545641441e-16,0.482854867,0.402,0.241,6.82301287432185e-12,6
H3F3B,4.76970031367052e-16,0.285525412,0.968,0.931,8.01357349699784e-12,6
NFKBIA1,5.82157149088297e-16,0.51501411,0.729,0.579,9.78082226183248e-12,6
PPP1R15A1,6.29518101791155e-16,0.348361876,0.668,0.51,1.05765336281932e-11,6
SLC38A1,9.25153216190819e-16,0.29981534,0.405,0.267,1.55434991852219e-11,6
ETS11,1.18689331791372e-15,0.30956088,0.762,0.608,1.99409946342684e-11,6
HSP90AB1,1.43905088357679e-15,0.286591741,0.836,0.701,2.41774938949737e-11,6
GYPC,1.55324521019276e-15,0.272812091,0.615,0.455,2.60960727764485e-11,6
CDKN1B,1.90530137913191e-15,0.26330081,0.414,0.283,3.20109684707953e-11,6
RPL13,3.01064578357294e-15,0.265276767,0.997,0.999,5.05818598098089e-11,6
FXYD5,3.0853124345394e-15,0.335339306,0.896,0.769,5.18363342126965e-11,6
SNHG16,3.66110346123055e-15,0.271661379,0.343,0.214,6.15101992521345e-11,6
ANTKMT,5.52855066225769e-15,0.313812684,0.251,0.137,9.28851796765915e-11,6
MT-ND11,6.08292593602322e-15,0.356160615,0.961,0.887,1.02199238651126e-10,6
RPS5,1.41128057875838e-14,0.31744024,0.993,0.968,2.37109250037195e-10,6
CORO7,1.52163906072877e-14,0.272794338,0.27,0.157,2.55650578593041e-10,6
PARP8,1.68735757575893e-14,0.337723721,0.477,0.33,2.83492946303258e-10,6
SH2D1A,1.71765224986753e-14,0.290561346,0.35,0.218,2.88582754500244e-10,6
TMEM14B,2.02450635632366e-14,0.295948927,0.338,0.206,3.40137312925938e-10,6
RPLP1,2.07077110829399e-14,0.30043657,0.995,0.998,3.47910253904474e-10,6
UBE2S,2.18518287377354e-14,0.331117411,0.377,0.249,3.67132574622692e-10,6
STK17B,2.7583278253484e-14,0.255900016,0.556,0.411,4.63426657936785e-10,6
MYADM,3.59676010518073e-14,0.268479344,0.355,0.236,6.04291665271415e-10,6
RGS10,4.86665351253699e-14,0.32245292,0.425,0.279,8.1764645664134e-10,6
TSC22D3,5.78188795977e-14,0.292291734,0.931,0.853,9.71414996120958e-10,6
SMCHD11,6.36268384364589e-14,0.261975558,0.553,0.418,1.06899451257095e-09,6
CBLB,2.7657080813681e-13,0.369553444,0.35,0.219,4.64666614750654e-09,6
RPS13,5.24110652465117e-13,0.282936846,0.993,0.985,8.80558307206644e-09,6
ITGA41,3.5395965499477e-12,0.309801052,0.618,0.49,5.94687616356713e-08,6
PRKCQ-AS1,7.32139850782779e-12,0.268075503,0.298,0.187,1.23006816330015e-07,6
MIF,1.45318284962602e-11,0.302078351,0.846,0.728,2.44149250565667e-07,6
RPS28,1.26811060468616e-10,0.269633787,0.997,0.997,2.13055262693322e-06,6
PCED1B-AS1,1.26892773903857e-10,0.25189217,0.853,0.742,2.13192549435869e-06,6
RPLP0,2.94265598785615e-10,0.272326928,0.993,0.977,4.94395632519711e-06,6
RPLP2,4.02532518035958e-09,0.256410261,0.993,0.989,6.76294883552213e-05,6
IER21,6.33688917054236e-09,0.309371995,0.683,0.601,0.000106466,6
S100A10,1.65646416102137e-08,0.251300601,0.849,0.757,0.000278303,6
JUNB2,1.31517369393151e-211,1.523793904,0.991,0.75,2.20962332317433e-207,7
FOS2,2.29318924849597e-193,1.534508598,0.986,0.636,3.85278725639807e-189,7
JUN2,1.55003299126705e-150,1.440920391,0.962,0.66,2.60421042862777e-146,7
DUSP11,6.77610400604587e-116,0.974640545,0.982,0.741,1.13845323405577e-111,7
NFKBIA2,2.02611203763373e-107,1.176795015,0.902,0.569,3.40407083442843e-103,7
IER22,5.52609149645634e-91,1.075481828,0.879,0.59,9.28438632319629e-87,7
NR4A22,3.69163695676644e-84,1.183681921,0.696,0.29,6.2023192510633e-80,7
CXCR41,1.71834758634287e-70,0.937508506,0.823,0.526,2.88699577981466e-66,7
ZFP362,2.27919829662487e-69,0.943807084,0.864,0.645,3.82928105815944e-65,7
FOSB2,6.97396633052118e-69,0.984887553,0.649,0.269,1.17169608319086e-64,7
BTG22,2.96460121899226e-65,1.032841538,0.66,0.311,4.98082650802889e-61,7
PPP1R15A2,5.00153257618364e-54,0.793492107,0.792,0.503,8.40307488124613e-50,7
TNFAIP32,3.72474328289088e-51,0.827320547,0.825,0.576,6.25794118958497e-47,7
UBE2S1,3.37313509376805e-50,0.890244336,0.541,0.24,5.6672042710397e-46,7
DDIT41,7.38406836692546e-49,0.975606525,0.519,0.233,1.24059732632715e-44,7
GADD45B1,3.91865334632469e-47,0.96136485,0.694,0.428,6.58372948716011e-43,7
SERTAD11,4.886671812323e-47,0.866916505,0.47,0.178,8.21009731188388e-43,7
CD691,1.43202384038261e-46,0.8023943,0.705,0.421,2.40594325422683e-42,7
SRSF71,1.82581918409666e-37,0.645411869,0.807,0.591,3.0675588112008e-33,7
TSC22D31,5.88798586371861e-34,0.519248103,0.958,0.852,9.89240504963364e-30,7
TUBB4B,2.52627666365508e-33,0.745856803,0.474,0.226,4.2443974226069e-29,7
BRD21,2.27521769324748e-29,0.69278697,0.62,0.4,3.82259324642509e-25,7
AC007952.4,1.61775930112789e-28,0.682613913,0.345,0.144,2.71799740182497e-24,7
EIF1,1.45641320955883e-27,0.314938516,0.991,0.978,2.4469198333798e-23,7
UBC,2.8837373174575e-27,0.397797862,0.987,0.939,4.84496706706035e-23,7
H3F3B1,4.40668215831936e-27,0.413050695,0.984,0.93,7.40366669419235e-23,7
DUSP22,7.6211167322773e-27,0.539365124,0.682,0.45,1.28042382218991e-22,7
AC020916.11,2.34197277467923e-25,0.706142317,0.387,0.18,3.93474845873858e-21,7
DNAJB11,3.48447888409171e-25,0.581395278,0.703,0.495,5.85427297316249e-21,7
TUBA1B1,4.24854249003688e-25,0.598640419,0.678,0.442,7.13797623751097e-21,7
H2AFX,1.13050877258032e-24,0.600593911,0.322,0.131,1.89936778881219e-20,7
CHMP1B,1.48749399343572e-24,0.596384552,0.302,0.115,2.49913865837136e-20,7
DNAJA11,6.6892836905329e-23,0.611116699,0.497,0.285,1.12386655284643e-18,7
TUBA1A,2.16829673450967e-22,0.587129582,0.624,0.409,3.64295534364969e-18,7
SLC2A32,1.15408825304495e-21,0.593384733,0.443,0.238,1.93898367394082e-17,7
KLF21,1.57985732258522e-21,0.479028691,0.919,0.807,2.65431828767542e-17,7
SRSF21,1.18927253337323e-19,0.518849838,0.685,0.492,1.99809678332036e-15,7
BTG11,5.11163278566214e-19,0.38929502,0.951,0.864,8.58805424319096e-15,7
YPEL5,8.33642057693809e-19,0.54345688,0.418,0.236,1.40060202113137e-14,7
HIST1H4C,8.7851402702311e-19,0.509845415,0.6,0.413,1.47599141680153e-14,7
CSRNP11,1.0261435844839e-17,0.455948192,0.253,0.108,1.7240238362914e-13,7
TSPYL21,2.12467571355554e-17,0.560298602,0.327,0.165,3.56966766634466e-13,7
CITED21,5.64704484913635e-16,0.542618432,0.539,0.363,9.48760005103398e-12,7
IER5,1.10577060858892e-15,0.483702467,0.273,0.125,1.85780519949025e-11,7
ZFP36L22,2.09779331430121e-15,0.372436019,0.861,0.754,3.52450254735746e-11,7
FTH11,2.5880743321387e-15,0.302035709,0.982,0.951,4.34822368542623e-11,7
SLC38A21,3.27455242629061e-15,0.525448472,0.385,0.214,5.50157553141085e-11,7
JUND2,7.40923206742717e-15,0.448226477,0.801,0.664,1.24482507964844e-10,7
IFRD1,9.40028595354989e-15,0.435966859,0.28,0.134,1.57934204305592e-10,7
EIF4A1,2.22279177519769e-14,0.394547931,0.727,0.554,3.73451246150964e-10,7
SBDS1,2.45083978831532e-14,0.454660293,0.481,0.312,4.11765592834857e-10,7
MYADM1,3.72492267857116e-14,0.459088843,0.401,0.233,6.25824259226741e-10,7
KLF6,6.07104620746504e-14,0.312512854,0.931,0.829,1.0199964733162e-09,7
SAT11,1.97349219699502e-13,0.539893215,0.555,0.4,3.31566424017134e-09,7
PNRC1,3.7907533303251e-13,0.29665213,0.96,0.912,6.36884467027921e-09,7
ID2,5.04816723678147e-13,0.490496646,0.465,0.307,8.48142577451655e-09,7
CCNL1,1.2743185567949e-12,0.379827276,0.608,0.439,2.14098260727111e-08,7
UBB1,5.20460216975079e-12,0.332808404,0.864,0.762,8.74425210539831e-08,7
FUS1,9.16337448559222e-12,0.365482502,0.698,0.542,1.53953854732435e-07,7
MCL1,1.22870563695405e-11,0.4247075,0.584,0.426,2.0643483406465e-07,7
LDHA,6.49055204942228e-11,0.390956899,0.611,0.447,1.09047764982344e-06,7
IFNG1,6.62256133371838e-11,0.523593734,0.358,0.204,1.11265652967803e-06,7
BHLHE40,1.09286790907412e-10,0.413589239,0.495,0.34,1.83612737403543e-06,7
SRGN1,2.08860966146495e-10,0.347369821,0.835,0.703,3.50907309222725e-06,7
TOB1,3.73636656551906e-10,0.378681412,0.38,0.235,6.27746946672858e-06,7
CD8A1,9.0272618827398e-10,0.261266069,0.92,0.817,1.51667026891911e-05,7
HSPA5,9.72090430949985e-10,0.351738615,0.7,0.55,1.63320913303907e-05,7
SNHG81,2.04376738290794e-09,0.354439002,0.429,0.31,3.43373358002364e-05,7
RALGAPA1,2.46157870919536e-09,0.304674999,0.257,0.142,4.13569838931912e-05,7
INTS61,2.59491980845546e-09,0.369650045,0.298,0.17,4.35972477018602e-05,7
TENT5C1,3.59767514570722e-09,0.3315484,0.278,0.167,6.0444540123027e-05,7
ODC1,8.68587300887701e-09,0.376384656,0.409,0.27,0.000145931,7
POLR2A,8.80424056850832e-09,0.361961594,0.353,0.222,0.00014792,7
WSB1,1.85235386994651e-08,0.335370292,0.416,0.275,0.000311214,7
YME1L1,2.96461734023599e-08,0.32019356,0.396,0.259,0.000498085,7
TLE4,3.0009575797779e-08,0.346845914,0.324,0.2,0.000504191,7
IDS,1.8276892021687e-07,0.307454526,0.562,0.427,0.003070701,7
RBM38,2.32043361832129e-07,0.255225839,0.345,0.227,0.003898561,7
SNHG1,2.45761365910272e-06,0.277995853,0.289,0.185,0.041290367,7
MTRNR2L121,5.44287354175044e-163,1.308873826,0.971,0.962,9.14457183749491e-159,8
AL138963.4,1.25291244962944e-141,1.751484904,0.615,0.375,2.10501820662242e-137,8
LTB1,8.42944395797898e-112,2.463284365,0.628,0.144,1.41623087938005e-107,8
LDHB1,2.92347899561868e-73,0.948971592,0.563,0.526,4.91173706053894e-69,8
NOSIP1,4.18930145268877e-63,1.177331665,0.367,0.245,7.0384453706624e-59,8
TCF71,2.30479656040158e-39,1.31673873,0.345,0.119,3.87228870113069e-35,8
PABPC11,2.64575653705542e-39,0.631351923,0.786,0.777,4.44513555790682e-35,8
GSTK1,1.78243024615631e-38,0.465385146,0.584,0.649,2.99466105656721e-34,8
FXYD51,4.25172857570814e-38,0.573074689,0.708,0.781,7.14332918004725e-34,8
RPL4,7.4513479764432e-38,0.472331557,0.802,0.913,1.25190097352222e-33,8
RNASET2,2.85779087279743e-36,0.618485733,0.254,0.233,4.80137444538697e-32,8
SARAF1,7.91545138624295e-36,0.423205872,0.628,0.71,1.32987498740268e-31,8
JUND3,9.86387493521047e-32,0.390427043,0.644,0.673,1.65722962786471e-27,8
NPM1,6.52239061195519e-31,0.371449076,0.664,0.765,1.09582684671459e-26,8
S100A111,8.58998400422161e-31,0.293469308,0.314,0.405,1.44320321254927e-26,8
SELL2,1.68906791736625e-30,0.615922765,0.35,0.329,2.83780300796703e-26,8
RPL7,1.00264381598678e-28,0.305930612,0.657,0.777,1.68454187523939e-24,8
VIM2,5.95395342547674e-28,0.597719975,0.804,0.766,1.00032371501435e-23,8
HINT11,6.04213841258056e-28,0.425145762,0.624,0.716,1.01513967469766e-23,8
EEF1G,4.65500051075567e-27,0.261208363,0.739,0.884,7.8208663581206e-23,8
RPS131,5.35309460900296e-25,0.636241644,0.971,0.987,8.99373425258587e-21,8
RPL22,1.58820169292523e-24,0.416599734,0.84,0.929,2.66833766428369e-20,8
FYB1,3.9196052350596e-24,0.263555866,0.465,0.565,6.58532875542363e-20,8
NME2,1.486444044056e-23,0.289443507,0.457,0.56,2.49737463841848e-19,8
SNHG29,2.78243141587348e-22,0.424957861,0.617,0.69,4.67476302180903e-18,8
GAS51,1.09116279492323e-21,0.437381772,0.405,0.441,1.83326261175052e-17,8
ANP32B,1.35646409947548e-21,0.280929598,0.396,0.478,2.27899533352876e-17,8
RGS101,1.73306141887891e-21,0.439035059,0.281,0.289,2.91171648985846e-17,8
GTF3A,2.46014784741945e-21,0.256891138,0.376,0.467,4.13329439844942e-17,8
PPP1R21,3.40435480208523e-21,0.376006961,0.278,0.304,5.7196565029834e-17,8
TPT1,3.78753268625737e-21,0.609238236,0.993,0.997,6.36343366618101e-17,8
TMEM1231,8.91482392442565e-21,0.556365554,0.287,0.232,1.49777956754275e-16,8
EEF1B2,1.5594889620854e-20,0.385331942,0.844,0.933,2.62009740519968e-16,8
EEF2,1.91998999850419e-20,0.326791529,0.844,0.909,3.22577519648689e-16,8
HIST1H1E,1.95580121627155e-20,0.573005733,0.67,0.626,3.28594162345784e-16,8
ETS12,3.11040122454605e-20,0.280488134,0.537,0.622,5.22578509735982e-16,8
CNN22,1.87214639791105e-19,0.368224442,0.472,0.529,3.14539316313036e-15,8
RPS51,2.16775007792393e-19,0.579913185,0.933,0.971,3.64203690592e-15,8
COTL12,5.95839095278867e-19,0.562384629,0.365,0.34,1.00106926397803e-14,8
ATP5PO,3.5605126823625e-18,0.28098456,0.392,0.462,5.98201735763724e-14,8
PRKCQ-AS11,5.3393140321795e-18,0.634058441,0.265,0.191,8.97058150546478e-14,8
RPL36A,5.47987064402803e-18,0.268723094,0.873,0.96,9.20673066903149e-14,8
RPL9,5.86292702656908e-18,0.36381922,0.898,0.966,9.85030369733871e-14,8
HADHA,5.94930465849594e-18,0.272093605,0.241,0.306,9.99542675673903e-14,8
MT-ND61,8.9027735193784e-18,0.26506273,0.441,0.556,1.49575497899076e-13,8
RPL5,2.89313855891559e-17,0.575093573,0.947,0.974,4.86076209283409e-13,8
EIF2S3,6.25866990217114e-17,0.288001794,0.238,0.281,1.05151913026377e-12,8
FLT3LG1,9.96655590809562e-17,0.613753785,0.321,0.257,1.67448105811914e-12,8
ARHGAP151,1.59253353928212e-16,0.476267174,0.256,0.263,2.67561559934788e-12,8
AL627171.2,1.74728594687946e-16,0.640739617,0.354,0.347,2.93561511935219e-12,8
NDFIP1,2.43611171667995e-16,0.312832503,0.301,0.34,4.09291129519399e-12,8
H1FX,2.98840871856201e-16,0.595276111,0.561,0.511,5.02082548805604e-12,8
CORO1B,3.36127681059675e-16,0.436124855,0.256,0.249,5.64728116948359e-12,8
MT-ND22,3.65734822809983e-16,0.312315207,0.768,0.87,6.14471075803052e-12,8
RPL17,4.62740300204275e-16,0.265367053,0.915,0.98,7.77449978373202e-12,8
UBALD2,4.92335181762936e-16,0.259925621,0.287,0.346,8.27172338879908e-12,8
RPL18,5.02315495431274e-16,0.409822182,0.951,0.992,8.43940263874083e-12,8
EIF3E,1.95226294848302e-15,0.345059151,0.376,0.413,3.27999697974632e-11,8
GPX4,3.71626086270231e-15,0.351878466,0.388,0.416,6.24368987542615e-11,8
SMDT11,5.44290761156193e-15,0.374100825,0.318,0.355,9.1446290781852e-11,8
EIF3H,1.05317501295526e-14,0.251279809,0.457,0.532,1.76943933926614e-10,8
PSIP1,2.61719143625168e-14,0.289852154,0.283,0.318,4.39714333204645e-10,8
RSL1D1,3.1211712625681e-14,0.315795558,0.281,0.315,5.24387983824067e-10,8
RACK1,4.5749708413442e-14,0.30871267,0.918,0.973,7.68640851054238e-10,8
TIMP1,8.3980214061825e-13,0.418453573,0.254,0.237,1.41095157645272e-08,8
CD72,1.86911794063192e-12,0.466115245,0.432,0.422,3.14030505205569e-08,8
HIST1H1D,2.57361590727328e-12,0.367974727,0.301,0.303,4.32393208580985e-08,8
LEPROTL11,5.35357053517315e-12,0.273492315,0.243,0.265,8.9945338561444e-08,8
RPLP01,5.58560292340833e-12,0.573864136,0.96,0.979,9.38437147161834e-08,8
RPL32,3.02749372577055e-11,0.509226183,0.996,0.998,5.0864922086671e-07,8
RPS8,3.78830906976371e-11,0.556953113,0.993,0.998,6.36473806811001e-07,8
SNHG5,9.22929390952456e-11,0.273574123,0.245,0.267,1.55061366973922e-06,8
RPL12,2.69828621653641e-09,0.481553032,0.989,0.995,4.53339067240283e-05,8
RPL81,4.21662245094519e-07,0.485892602,0.969,0.987,0.007084347,8
RPS3A,4.55626520106908e-07,0.312716614,0.973,0.996,0.007654981,8
RPS25,8.91329713212744e-07,0.284264669,0.962,0.992,0.014975231,8
GZMK1,3.27150188714268e-224,2.463110786,0.949,0.123,5.49645032058842e-220,9
SLC4A10,6.65316450671542e-163,1.154809157,0.364,0.001,1.11779816877326e-158,9
IL7R3,5.87615316580495e-150,2.036740566,0.976,0.368,9.87252493386889e-146,9
CEBPD,3.42760170992871e-144,1.712106076,0.614,0.084,5.75871363285122e-140,9
LTB2,1.47463691638805e-141,2.264711096,0.848,0.139,2.47753748322357e-137,9
PHACTR2,1.26249958709379e-110,1.343433397,0.5,0.051,2.12112555627628e-106,9
KLRB11,4.98146721113944e-110,1.217710554,0.755,0.28,8.36936306143538e-106,9
AQP3,1.01864647819943e-77,1.096471353,0.436,0.057,1.71142794802286e-73,9
DPP4,7.39409392661443e-68,0.831418592,0.287,0.014,1.24228172061049e-63,9
IL18RAP,2.20090248817759e-65,0.77388642,0.266,0.017,3.69773627038717e-61,9
NCR3,7.62432250611508e-62,0.906992561,0.324,0.04,1.28096242425239e-57,9
DUSP12,4.45875968811274e-61,1.066109892,0.965,0.746,7.49116215199821e-57,9
FOS3,4.90920438948197e-58,1.31813057,0.918,0.646,8.24795429476866e-54,9
SATB1,1.91082010109336e-48,0.849181878,0.407,0.095,3.21036885184695e-44,9
CD692,5.70033315854033e-48,1.040378115,0.793,0.423,9.57712973966361e-44,9
DUSP23,5.15921441765885e-45,1.205152395,0.809,0.449,8.66799614310863e-41,9
JAML,2.54012733445282e-41,0.696929357,0.261,0.037,4.26766793461419e-37,9
EEF1A12,2.06476562924964e-39,0.549497211,0.997,0.999,3.46901273370233e-35,9
ALOX5AP,9.24664021851574e-39,0.394377297,0.726,0.432,1.55352802311283e-34,9
CNN23,1.55964661557888e-38,0.694581787,0.822,0.514,2.62036227883408e-34,9
NFKBIA3,1.63031716455531e-38,1.014160212,0.806,0.58,2.73909586816938e-34,9
PABPC12,2.09871971153613e-38,0.669786737,0.941,0.771,3.52605898735186e-34,9
CMC12,2.13682571558167e-38,0.978949818,0.574,0.211,3.59008088474876e-34,9
TMEM14C,8.44698375895666e-38,0.707934353,0.266,0.032,1.41917774134231e-33,9
TCF72,8.41338827253146e-37,0.872033596,0.463,0.116,1.41353336366801e-32,9
KLRG1,1.99310837552526e-36,0.639555617,0.745,0.454,3.34862138171999e-32,9
PDCD41,2.37409151186729e-35,0.55574737,0.5,0.229,3.98871114908824e-31,9
ZFP36L23,8.70227535353758e-35,0.66257545,0.926,0.753,1.46206928214785e-30,9
RPLP02,2.78497871318312e-34,0.754139875,0.997,0.977,4.67904273601896e-30,9
ARHGAP152,1.13657186550746e-33,0.444416287,0.513,0.252,1.90955439123908e-29,9
NFKBIZ1,7.74993822010309e-33,0.675646872,0.356,0.105,1.30206712035952e-28,9
TNFAIP33,1.38427808916971e-32,0.803967227,0.811,0.581,2.32572561761403e-28,9
TRAT1,3.29365741069705e-32,0.460411268,0.25,0.06,5.53367381571211e-28,9
SH2D1A1,5.75492796671644e-32,0.253174226,0.415,0.219,9.66885447688029e-28,9
TC2N1,6.41082297624219e-32,0.569211487,0.497,0.224,1.07708236823845e-27,9
ERN1,2.83127624094496e-31,0.47754671,0.551,0.293,4.75682721241163e-27,9
GPR651,1.03256421947835e-30,0.582007161,0.447,0.21,1.73481114514558e-26,9
CD73,3.48052915518648e-30,0.727535323,0.763,0.408,5.8476370336288e-26,9
CD551,4.58306156269071e-30,0.577096388,0.362,0.122,7.70000173147666e-26,9
ODF2L,4.96007152653404e-30,0.55572179,0.354,0.13,8.33341617172985e-26,9
FKBP11,7.53046442135642e-30,0.397269635,0.553,0.31,1.26519332743209e-25,9
GYG1,8.97700708801192e-30,0.392417931,0.309,0.135,1.50822696085688e-25,9
GRAMD1A1,9.32721180042549e-30,0.576262169,0.346,0.11,1.56706485458949e-25,9
G3BP2,1.55842750775474e-29,0.263358749,0.457,0.272,2.61831405577873e-25,9
FLT3LG2,2.15511189732967e-29,0.610208089,0.545,0.248,3.62080349870357e-25,9
CBLB1,3.166051219136e-29,0.395294875,0.434,0.218,5.3192826532704e-25,9
YWHAH,4.53488012266583e-29,0.271117515,0.322,0.164,7.61905209409086e-25,9
TMEM2381,5.83503461649639e-29,0.510753261,0.37,0.137,9.80344165917559e-25,9
GBP5,6.93774330524161e-29,0.38759945,0.582,0.359,1.16561025271364e-24,9
SPOCK21,1.70947537726632e-28,0.354643633,0.734,0.5,2.87208958134514e-24,9
CKLF1,2.53717048459103e-28,0.455201993,0.521,0.276,4.26270013116138e-24,9
PAG1,8.16072577533291e-28,0.547897723,0.279,0.083,1.37108353751368e-23,9
EIF3L,1.0040694600849e-27,0.384446481,0.715,0.458,1.68693709988864e-23,9
MT-ND23,1.13874160135247e-27,0.568476426,0.971,0.861,1.91319976443229e-23,9
NIN1,1.42873702403336e-27,0.381788962,0.33,0.137,2.40042107407845e-23,9
PBXIP12,9.75188921136503e-27,0.575767747,0.521,0.258,1.63841490640144e-22,9
INTS62,1.17169428514783e-26,0.341671717,0.332,0.171,1.96856356847687e-22,9
NEK7,2.16275622623688e-26,0.298132641,0.258,0.111,3.63364673570058e-22,9
METTL9,2.27371089823233e-26,0.251554274,0.378,0.216,3.82006168012013e-22,9
CCNL11,2.68719856794411e-26,0.288399521,0.657,0.44,4.5147623140029e-22,9
MYBL12,4.16696923910252e-26,0.345115162,0.67,0.444,7.00092501861615e-22,9
TTC39C,4.49637480240887e-26,0.471158717,0.452,0.223,7.55435930552714e-22,9
LAG3,1.22852237922517e-25,0.335895253,0.324,0.155,2.0640404493362e-21,9
JUN3,1.29375481126416e-25,0.96966171,0.843,0.671,2.17363745840492e-21,9
RPL22L1,1.60182653331413e-25,0.41203188,0.553,0.323,2.69122875862107e-21,9
CD96,1.73824594789618e-25,0.279311351,0.463,0.272,2.92042701706037e-21,9
TMEM1232,2.10956298771766e-25,0.334563881,0.434,0.227,3.54427677566444e-21,9
ATF7IP2,2.26060872213454e-25,0.573449521,0.309,0.1,3.79804871405824e-21,9
RGS14,8.13494140765359e-25,0.255453406,0.322,0.169,1.36675150589988e-20,9
CDC14A,9.76510407725155e-25,0.405572756,0.261,0.092,1.64063513601903e-20,9
GAS52,1.13790054839004e-24,0.755124975,0.763,0.426,1.9117867113501e-20,9
LEPROTL12,1.3626091863292e-24,0.494827231,0.492,0.254,2.28931969395169e-20,9
DDIT42,1.64378687399119e-24,0.399751743,0.42,0.243,2.76172632699259e-20,9
EEF21,2.72660063387917e-24,0.472166589,0.981,0.902,4.58096172498039e-20,9
PLCB1,3.42202092162477e-24,0.387460787,0.285,0.115,5.74933735042178e-20,9
GRK61,3.86376847816764e-24,0.351967059,0.455,0.261,6.49151742016946e-20,9
EML41,7.31160608412672e-24,0.497749974,0.604,0.357,1.22842293819413e-19,9
LYSMD2,1.12404833784916e-23,0.258973544,0.258,0.125,1.88851361242037e-19,9
EIF3G,2.27512282686997e-23,0.261253122,0.731,0.523,3.82243386142423e-19,9
ABRACL,3.68693206601479e-23,0.252631457,0.423,0.25,6.19441456411145e-19,9
TMEM14B1,4.3697359321286e-23,0.292024274,0.386,0.207,7.34159333956926e-19,9
XBP11,7.63384602463703e-23,0.334192225,0.537,0.344,1.28256247059927e-18,9
OCIAD21,9.08143154859513e-23,0.270919117,0.367,0.203,1.52577131447947e-18,9
CXCR42,9.31797523081951e-23,0.595043051,0.809,0.533,1.56551301852999e-18,9
PLCG1,9.40747196932439e-23,0.289231389,0.261,0.122,1.58054936556619e-18,9
MYLIP1,1.03742235161058e-22,0.261069892,0.332,0.181,1.74297329294093e-18,9
NUCB21,1.94456225554753e-22,0.294426849,0.428,0.246,3.26705904554541e-18,9
ANTKMT1,2.69838327965587e-22,0.295819294,0.29,0.138,4.53355374814982e-18,9
HSP90AB11,3.36446208437431e-22,0.406697827,0.891,0.702,5.65263274795728e-18,9
RBL21,3.55298651558684e-22,0.33565993,0.633,0.44,5.96937264483745e-18,9
ZFP363,6.19852151993064e-22,0.52634829,0.859,0.65,1.04141360056355e-17,9
PPP1R14B,7.48796424285039e-22,0.366546336,0.253,0.092,1.25805287244129e-17,9
CD271,9.25046584227243e-22,0.649998485,0.301,0.069,1.55417076616019e-17,9
SERP1,1.0565481752836e-21,0.434197462,0.691,0.451,1.77510658929398e-17,9
EIF2S31,1.07987972935317e-21,0.273163505,0.444,0.272,1.81430593328627e-17,9
PIM2,1.09420410172684e-21,0.370139373,0.293,0.135,1.83837231131126e-17,9
TNFAIP8,1.20602568114596e-21,0.306875715,0.444,0.258,2.02624374689333e-17,9
RPL131,2.10713814927742e-21,0.518202656,0.997,0.999,3.54020280460099e-17,9
SNHG161,2.34925935295782e-21,0.386365317,0.407,0.214,3.94699063890443e-17,9
CERK,2.4041862921111e-21,0.259901297,0.378,0.217,4.03927338937585e-17,9
PPP1R15A3,2.67524271794496e-21,0.356676264,0.723,0.511,4.49467529041933e-17,9
CHD9,2.93046523017366e-21,0.344090452,0.266,0.116,4.92347463321477e-17,9
PTMS,3.22394716931637e-21,0.319094956,0.266,0.12,5.41655363916844e-17,9
EIF3E1,4.03741197224257e-21,0.397643826,0.636,0.402,6.78325585456475e-17,9
SNHG32,6.39025350689783e-21,0.368086647,0.277,0.112,1.0736264916939e-16,9
BTG12,6.6283793874264e-21,0.387646905,0.971,0.865,1.11363402088151e-16,9
PDE4B,6.91541620310365e-21,0.420644243,0.25,0.085,1.16185907628344e-16,9
RPS132,9.68738156218276e-21,0.58071316,0.995,0.985,1.62757697626233e-16,9
PTGER2,1.07920800815792e-20,0.335489955,0.423,0.252,1.81317737450613e-16,9
PARP81,1.08209948728982e-20,0.332694622,0.527,0.331,1.81803534859563e-16,9
GDI1,1.20357163187252e-20,0.340896225,0.351,0.2,2.02212069870901e-16,9
AC020916.12,1.2544078957162e-20,0.274042331,0.322,0.186,2.10753070559279e-16,9
IER51,2.93595375202583e-20,0.327831151,0.266,0.129,4.9326958987786e-16,9
KCNA31,4.97463333332814e-20,0.285616062,0.319,0.172,8.35788146332461e-16,9
RPL82,6.23549759309747e-20,0.584908126,0.992,0.985,1.04762595061631e-15,9
C1QBP,6.87252880698093e-20,0.314955221,0.42,0.249,1.15465356486087e-15,9
PDE4D,7.36868832749444e-20,0.418718154,0.298,0.127,1.23801332590234e-15,9
NOSIP2,7.96429167788437e-20,0.535142755,0.463,0.242,1.33808064480135e-15,9
FOSB3,1.48356297030535e-19,0.53361213,0.473,0.284,2.49253414641001e-15,9
RPS6KA31,1.93380513509226e-19,0.339905908,0.29,0.139,3.2489860074685e-15,9
CSRNP12,2.092507992786e-19,0.337526092,0.255,0.111,3.51562267867975e-15,9
JUND4,2.81299242249317e-19,0.289109982,0.809,0.666,4.72610856903078e-15,9
LYAR2,3.01231020977988e-19,0.463342981,0.572,0.358,5.06098238345118e-15,9
TENT5C2,3.97328661306515e-19,0.307864166,0.335,0.166,6.67551883861076e-15,9
PPA1,4.44772406766382e-19,0.266445504,0.29,0.149,7.47262120608199e-15,9
NINJ1,4.85698321706771e-19,0.288934375,0.25,0.111,8.16021750299545e-15,9
PLP21,5.50722995657007e-19,0.401108852,0.343,0.149,9.25269705003337e-15,9
OXNAD1,1.23141253056207e-18,0.36753227,0.29,0.12,2.06889619259734e-14,9
AL138963.41,2.69712134794035e-18,0.413323391,0.585,0.378,4.53143357667458e-14,9
CUTA,3.31701707104098e-18,0.395375435,0.66,0.435,5.57292038105595e-14,9
CD441,7.30036511418895e-18,0.340970269,0.66,0.464,1.22653434283489e-13,9
ACAP12,9.10674866571912e-18,0.258042438,0.561,0.386,1.53002484332747e-13,9
PIM1,1.61203601592675e-17,0.416583591,0.452,0.288,2.70838171035854e-13,9
SNHG82,1.68364840904837e-17,0.403169465,0.529,0.309,2.82869769204217e-13,9
RPLP12,1.76614210412112e-17,0.577729882,0.997,0.998,2.96729534913389e-13,9
CAMK42,3.4432435317939e-17,0.454482365,0.372,0.166,5.78499345776692e-13,9
CHCHD10,4.11222438922281e-17,0.261513708,0.38,0.222,6.90894819633324e-13,9
EIF4A11,4.77933618196041e-17,0.305827791,0.715,0.558,8.02976271931168e-13,9
NR1D2,4.97850329154672e-17,0.272066886,0.274,0.156,8.36438338012764e-13,9
RPS52,6.56213148848976e-17,0.572047518,0.997,0.968,1.10250371138116e-12,9
RSL1D11,1.22837720096296e-16,0.346705213,0.5,0.306,2.06379653533787e-12,9
ABLIM11,1.58044657729492e-16,0.404381351,0.293,0.123,2.65530829451319e-12,9
EEF1G1,3.47675546230271e-16,0.571624691,0.976,0.873,5.84129685221479e-12,9
IER23,4.637282041186e-16,0.28075543,0.747,0.601,7.79109755739659e-12,9
MYADM2,6.62454931004338e-16,0.31657596,0.38,0.237,1.11299052958039e-11,9
RPL171,7.99836257071271e-16,0.491136576,0.992,0.977,1.34380489550544e-11,9
VIM3,1.70005754053852e-15,0.457339431,0.918,0.762,2.85626667385877e-11,9
TPT11,1.76226462685068e-15,0.568371473,0.997,0.997,2.96078079957182e-11,9
NPM11,1.04888050006454e-14,0.417134626,0.91,0.754,1.76222412815843e-10,9
ISG202,1.25984265750037e-14,0.265691363,0.495,0.327,2.11666164886638e-10,9
RPS171,2.85641316579406e-14,0.320014286,0.739,0.537,4.7990597598506e-10,9
COX7C,9.44207895999075e-14,0.307032776,0.91,0.745,1.58636368606805e-09,9
BTG23,1.2697438270843e-13,0.337600575,0.479,0.325,2.13329660388434e-09,9
ZFAS1,1.92631159211695e-13,0.314122818,0.676,0.479,3.23639610591569e-09,9
EEF1B21,2.01956397748692e-13,0.538705661,0.987,0.926,3.39306943857577e-09,9
JUNB3,2.36711811844762e-13,0.393926202,0.907,0.758,3.97699515080385e-09,9
RPL321,2.96170136915483e-13,0.472305039,0.997,0.998,4.97595447031703e-09,9
NME21,9.67907692136339e-13,0.458170431,0.758,0.546,1.62618171355826e-08,9
RPS2,9.85155143818619e-12,0.432706876,0.997,0.993,1.65515915712966e-07,9
RPL51,1.5529315989748e-11,0.522738991,0.989,0.972,2.60908037943757e-07,9
GATA31,3.13129719817984e-11,0.318538646,0.311,0.181,5.26089242266195e-07,9
HINT12,3.98802130144597e-11,0.445668037,0.88,0.705,6.70027458855938e-07,9
RPSA,8.19737991694217e-11,0.505935901,0.987,0.958,1.37724179984545e-06,9
SNHG291,8.85361609266888e-11,0.499019498,0.878,0.679,1.4874960397293e-06,9
RPL91,9.8361435052523e-11,0.444963147,0.984,0.962,1.65257047031744e-06,9
RPL121,1.50782907423251e-10,0.445572116,0.997,0.995,2.53330362761805e-06,9
RPL18A,6.37966632899145e-10,0.443893105,1,0.997,1.07184773993385e-05,9
MT-ND12,3.73087514673782e-09,0.395718386,0.963,0.889,6.26824333403421e-05,9
RPS121,1.57990367287935e-08,0.478730312,0.997,0.999,0.00026544,9
RPL10,1.57483073753005e-07,0.418025854,1,0.998,0.002645873,9
MIF1,1.68937751877921e-07,0.300675414,0.862,0.731,0.002838323,9
RPL41,2.40200575272962e-07,0.435966233,0.979,0.905,0.00403561,9
RPL15,5.38433444753894e-07,0.39188527,0.995,0.97,0.00904622,9
RPL181,5.87845003171121e-07,0.411985924,0.992,0.99,0.009876384,9
RPS4Y1,9.56042852515501e-07,0.305562324,0.947,0.838,0.016062476,9
AL627171.21,0,4.519932071,1,0.328,0,10
GPX41,9.61039960798536e-23,0.303553647,0.303,0.418,1.61464323813762e-18,10
RMRP,6.23175318076008e-21,1.314303041,0.361,0.116,1.0469968518995e-16,10
ATP6AP2,3.08905620756211e-18,0.287560649,0.19,0.254,5.18992333432511e-14,10
TMEM219,4.94434358751857e-18,0.315876039,0.226,0.304,8.30699166138995e-14,10
AHNAK1,1.83299681027457e-17,0.44883245,0.715,0.782,3.0796179409423e-13,10
IK,6.23082924948377e-16,0.284997274,0.259,0.35,1.04684162220577e-11,10
MT-ND51,1.23905001071265e-15,0.499577053,0.843,0.892,2.08172792299832e-11,10
RPS172,1.43098304035651e-15,0.366435353,0.456,0.547,2.40419460610298e-11,10
POLR2L,5.16181015041601e-14,0.259803259,0.369,0.473,8.67235723371393e-10,10
MT-ND62,6.95051363678091e-14,0.686948717,0.595,0.549,1.16775579611556e-09,10
REX1BD,7.89988534588974e-14,0.348502953,0.336,0.405,1.32725973696293e-09,10
MT-ATP8,1.20809507509531e-13,0.584474082,0.719,0.713,2.02972053566762e-09,10
HNRNPM,1.70669620048962e-13,0.265742573,0.248,0.325,2.86742028644261e-09,10
FXYD52,2.30269097855694e-13,0.324645856,0.682,0.78,3.86875111307352e-09,10
SELENOK,8.3347307058314e-13,0.297443332,0.277,0.339,1.40031810588673e-08,10
ETS13,1.5512386990433e-12,0.496331694,0.602,0.618,2.60623613826265e-08,10
MT-ND13,5.50959893545616e-12,0.380482497,0.828,0.894,9.2566771714599e-08,10
TMOD3,6.66479415793025e-12,0.253062589,0.193,0.261,1.11975206647386e-07,10
AL138963.42,2.89271889634588e-11,0.406458811,0.332,0.388,4.86005701775071e-07,10
RPS29,3.05113255576334e-11,0.400631021,0.923,0.957,5.12620780693798e-07,10
RPL13A1,1.71913283985403e-10,0.27546074,0.818,0.901,2.88831508423876e-06,10
MT-ND4L,1.96694060077825e-10,0.366590548,0.865,0.926,3.30465690336754e-06,10
RPL37A1,7.57114862807394e-10,0.250974894,0.883,0.949,1.2720286810027e-05,10
RPS27,1.41165488005582e-09,0.327197941,1,0.999,2.37172136398178e-05,10
MT-ND4,2.21011228891192e-09,0.310989631,0.799,0.869,3.71320965660092e-05,10
MT-ND31,6.65897800678416e-09,0.485127362,0.92,0.947,0.000111877,10
TSC22D32,8.33839985443915e-09,0.324352335,0.818,0.859,0.000140093,10
PRDM1,5.38731847415658e-08,0.306702826,0.219,0.251,0.000905123,10
ACTN41,6.16682267102686e-08,0.317129446,0.339,0.376,0.001036088,10
HIST1H1E1,7.54820597359524e-08,0.490376682,0.628,0.628,0.001268174,10
RPS261,1.24192383623528e-06,0.275873004,1,0.998,0.020865562,10
CD741,1.84178634688602e-138,1.811734405,0.995,0.762,3.0943852414032e-134,11
HLA-DRA,2.77170169842629e-115,2.142489446,0.651,0.048,4.656736023526e-111,11
HLA-DRB11,6.22870403497621e-94,1.800464233,0.856,0.307,1.04648456491635e-89,11
HLA-DRB5,3.98890315418303e-28,1.00221982,0.39,0.087,6.7017561893429e-24,11
HLA-DPB1,7.79983846195904e-26,0.831005343,0.856,0.603,1.31045085999374e-21,11
CCL5,7.56411203563404e-24,0.54616528,1,0.972,1.27084646310688e-19,11
HLA-DPA1,4.48201276832802e-18,0.746268489,0.805,0.556,7.53022965206791e-14,11
LINC02446,1.88240777580196e-14,0.939187203,0.349,0.12,3.16263330412487e-10,11
COTL13,5.22495364781955e-09,0.621381266,0.544,0.337,8.77844462370162e-05,11
S100B,9.41334169983979e-165,3.126372161,0.992,0.058,1.58153553899008e-160,12
RAP1B1,3.78160914405942e-09,0.528941694,0.919,0.681,6.35348152293423e-05,12
FGFBP23,9.29739444335960e-09,0.308172233,0.992,0.8,0.000156206,12
CD521,1.32992566318904e-08,0.371986119,1,0.924,0.000223441,12
FCGR3A1,1.25607356034659e-06,0.453908625,0.642,0.374,0.021103292,12
SPON23,1.54771805942717e-06,0.501801224,0.821,0.576,0.026003211,12
GZMH3,2.05373115252148e-06,0.339048164,0.992,0.886,0.034504737,12
HIST1H1E2,6.84974326239089e-10,1.438874335,0.966,0.627,1.15082536551429e-05,13
